model,parameters,avg_seq_time_s,fps
EyeNetGRU,1568291,0.002020221948623657,494.99511708665625
GazeRefineYawPitchGRU,115618,0.0006824702024459839,1465.26543784034
